"id","from_state","from_label","trigger","guard","action","to_state","to_label"
"T001","UPGRADE_RETAINED_DATA","App updated (retain data mode)","user launches app","","","APP_LAUNCH","App launch (pre-Room)"
"T002","APP_LAUNCH","App launch (pre-Room)","enter","","Do not init Room yet","BOOT_RESOLVER","BootStateResolver"
"T003","BOOT_RESOLVER","BootStateResolver","start","","Collect filesystem + SharedPreferences + encryption state","READ_BOOT_INPUTS","Read boot inputs (metadata + encryption state + boot flags + DB artifacts)"
"T004","READ_BOOT_INPUTS","Read boot inputs (metadata + encryption state + boot flags + DB artifacts)","resolved","","Evaluate DB artifact presence","DB_ARTIFACTS_EXISTS","DB artifacts found?"
"T004A","DB_ARTIFACTS_EXISTS","DB artifacts found?","resolved","No","Require user DB path choice","DB_INIT_CHOOSER","Show DB Init chooser (Create New / Import Existing)"
"T004A1","DB_INIT_CHOOSER","Show DB Init chooser (Create New / Import Existing)","show","","Await user choice","DB_INIT_CHOOSER_ACTION","User choice on DB Init chooser"
"T004C","DB_INIT_CHOOSER_ACTION","User choice on DB Init chooser","user","Import Existing","Check for existing DB artifacts before import","IMPORT_EXISTING_CHECK","Any existing DB artifacts on disk?"
"T004C_CREATE","DB_INIT_CHOOSER_ACTION","User choice on DB Init chooser","user","Create New","Check for existing DB artifacts before create","CREATE_NEW_EXISTING_CHECK","Any existing DB artifacts on disk?"
"T004D","IMPORT_PICKER","SAF picker for existing DB","show","","Await selection or cancel","IMPORT_PICKER_RESULT","SAF picker result"
"T004D1","IMPORT_PICKER_RESULT","SAF picker result","resolved","No selection","Return to DB init chooser","DB_INIT_CHOOSER","Show DB Init chooser (Create New / Import Existing)"
"T004D2","IMPORT_PICKER_RESULT","SAF picker result","resolved","Selected file/folder","Inspect imported DB format","IMPORT_FORMAT_DETECT","Detect imported DB format"
"T004E","IMPORT_FORMAT_DETECT","Detect imported DB format","resolved","Unknown/corrupt (not usable)","Show safe recovery options","IMPORT_DB_UNUSABLE","Imported DB is not usable (corrupted/unsupported)"
"T004E1","IMPORT_DB_UNUSABLE","Imported DB is not usable (corrupted/unsupported)","show","","Message: DB not usable, select different or create new","IMPORT_DB_UNUSABLE_ACTION","User choice after unusable import DB"
"T004E2","IMPORT_DB_UNUSABLE_ACTION","User choice after unusable import DB","user","Select Different","Return to import picker","IMPORT_PICKER","SAF picker for existing DB"
"T004E3","IMPORT_DB_UNUSABLE_ACTION","User choice after unusable import DB","user","Create New","Exit import path safely","CREATE_NEW_FLOW","Enter Create New DB flow"
"T004E4","CREATE_NEW_FLOW","Enter Create New DB flow","continue","","Open new DB passphrase setup","CREATE_NEW_SETUP_SCREEN","Show passphrase setup for new DB"
"T004E5","CREATE_NEW_SETUP_SCREEN","Show passphrase setup for new DB","submit","","Validate new DB passphrase setup","CREATE_NEW_SETUP_RESULT","New DB passphrase submission valid?"
"T004E5A","CREATE_NEW_SETUP_RESULT","New DB passphrase submission valid?","resolved","No / Invalid","Stay on create-new setup until valid passphrase is provided","CREATE_NEW_SETUP_SCREEN","Show passphrase setup for new DB"
"T004E5B","CREATE_NEW_SETUP_RESULT","New DB passphrase submission valid?","resolved","Yes / Valid","","CREATE_NEW_SETUP_SUCCESS","New DB passphrase setup success"
"T004E6","CREATE_NEW_SETUP_SUCCESS","New DB passphrase setup success","resolved","Success","Create encrypted DB with configured passphrase","CREATE_NEW_DB","Create new encrypted DB"
"T004E7","CREATE_NEW_DB","Create new encrypted DB","complete","Success","","CREATE_NEW_BOOT_STATE","Update metadata + boot flags for new DB"
"T004E8","CREATE_NEW_BOOT_STATE","Update metadata + boot flags for new DB","complete","","Open Room on newly created DB","CREATE_NEW_INIT_ROOM","Init Room (new DB ready)"
"T004E9","CREATE_NEW_INIT_ROOM","Init Room (new DB ready)","complete","","Clean up temp backup folder if present then start runtime","CREATE_NEW_CLEANUP_TEMP_BACKUP","Delete payanam_temp_backup folder on success (no-op if folder absent)"
"T004F0","IMPORT_FORMAT_DETECT","Detect imported DB format","resolved","Plaintext detected","Ask user for a new passphrase to encrypt imported DB","IMPORT_PLAINTEXT_DETECTED","Plaintext DB detected for import"
"T004F0A","IMPORT_PLAINTEXT_DETECTED","Plaintext DB detected for import","show","","Prompt for new import-encryption passphrase","IMPORT_PLAINTEXT_PASS_DECISION","User provides new passphrase for plaintext import?"
"T004F0B","IMPORT_PLAINTEXT_PASS_DECISION","User provides new passphrase for plaintext import?","user","No / Cancel","Return to DB init chooser","DB_INIT_CHOOSER","Show DB Init chooser (Create New / Import Existing)"
"T004F0C","IMPORT_PLAINTEXT_PASS_DECISION","User provides new passphrase for plaintext import?","user","Yes / Provided valid passphrase","Proceed with copy + encrypt import","IMPORT_PLAINTEXT_COPY_ENCRYPT","Copy + encrypt plaintext DB using new passphrase"
"T004F0D","IMPORT_PLAINTEXT_COPY_ENCRYPT","Copy + encrypt plaintext DB using new passphrase","complete","","Evaluate plaintext import result","IMPORT_PLAINTEXT_RESULT","Plaintext import + encrypt success?"
"T004F0E","IMPORT_PLAINTEXT_RESULT","Plaintext import + encrypt success?","resolved","Yes","Imported DB encrypted and copied successfully","IMPORT_PREP_BOOT_STATE","Configure encryption with import passphrase + update metadata and boot flags after import"
"T004F0F","IMPORT_PLAINTEXT_RESULT","Plaintext import + encrypt success?","resolved","No","Show import failure options","IMPORT_PLAINTEXT_FAILED","Plaintext DB import failed"
"T004F0G","IMPORT_PLAINTEXT_FAILED","Plaintext DB import failed","show","","Offer retry, import different, create new, or cancel","IMPORT_PLAINTEXT_FAILED_ACTION","User choice after plaintext import failure"
"T004F0H","IMPORT_PLAINTEXT_FAILED_ACTION","User choice after plaintext import failure","user","Retry","","IMPORT_PLAINTEXT_DETECTED","Plaintext DB detected for import"
"T004F0I","IMPORT_PLAINTEXT_FAILED_ACTION","User choice after plaintext import failure","user","Import Different","","IMPORT_PICKER","SAF picker for existing DB"
"T004F0J","IMPORT_PLAINTEXT_FAILED_ACTION","User choice after plaintext import failure","user","Create New","","CREATE_NEW_FLOW","Enter Create New DB flow"
"T004F0K","IMPORT_PLAINTEXT_FAILED_ACTION","User choice after plaintext import failure","user","Cancel","Back to DB init chooser","DB_INIT_CHOOSER","Show DB Init chooser (Create New / Import Existing)"
"T004F","IMPORT_FORMAT_DETECT","Detect imported DB format","resolved","Encrypted detected","Proceed with encrypted import flow","IMPORT_ENCRYPTED_DETECTED","Encrypted DB detected"
"T004G","IMPORT_ENCRYPTED_DETECTED","Encrypted DB detected","continue","","Collect passphrase for imported DB","IMPORT_PASS_PROMPT","Ask passphrase for encrypted import"
"T004H","IMPORT_PASS_PROMPT","Ask passphrase for encrypted import","submit","","Verify imported DB passphrase","IMPORT_PASS_RESULT","Imported DB passphrase valid?"
"T004H1","IMPORT_PASS_RESULT","Imported DB passphrase valid?","resolved","Yes","Passphrase verified","IMPORT_PASS_OK","Imported DB passphrase verified"
"T004H2","IMPORT_PASS_RESULT","Imported DB passphrase valid?","resolved","No","Show invalid passphrase options","IMPORT_PASS_INVALID","Imported DB passphrase invalid"
"T004H3","IMPORT_PASS_INVALID","Imported DB passphrase invalid","show","","Allow retry, import different, create new, or cancel","IMPORT_PASS_INVALID_ACTION","User choice after invalid imported passphrase"
"T004H4","IMPORT_PASS_INVALID_ACTION","User choice after invalid imported passphrase","user","Retry","","IMPORT_PASS_PROMPT","Ask passphrase for encrypted import"
"T004H5","IMPORT_PASS_INVALID_ACTION","User choice after invalid imported passphrase","user","Import Different","","IMPORT_PICKER","SAF picker for existing DB"
"T004H6","IMPORT_PASS_INVALID_ACTION","User choice after invalid imported passphrase","user","Create New","","CREATE_NEW_FLOW","Enter Create New DB flow"
"T004H7","IMPORT_PASS_INVALID_ACTION","User choice after invalid imported passphrase","user","Cancel","Back to DB init chooser","DB_INIT_CHOOSER","Show DB Init chooser (Create New / Import Existing)"
"T004I","IMPORT_PASS_OK","Imported DB passphrase verified","resolved","Success","Copy encrypted DB artifacts into app storage","IMPORT_COPY_ENCRYPTED_DB","Copy imported encrypted DB artifacts"
"T004J","IMPORT_COPY_ENCRYPTED_DB","Copy imported encrypted DB artifacts","complete","","Evaluate encrypted import copy result","IMPORT_COPY_ENCRYPTED_RESULT","Encrypted DB copy/import success?"
"T004J1","IMPORT_COPY_ENCRYPTED_RESULT","Encrypted DB copy/import success?","resolved","Yes","","IMPORT_PREP_BOOT_STATE","Configure encryption with import passphrase + update metadata and boot flags after import"
"T004J2","IMPORT_COPY_ENCRYPTED_RESULT","Encrypted DB copy/import success?","resolved","No","Show encrypted import failure recovery","IMPORT_COPY_ENCRYPTED_FAILED","Encrypted DB import copy failed"
"T004J3","IMPORT_COPY_ENCRYPTED_FAILED","Encrypted DB import copy failed","show","","Offer retry copy, import different, create new, or cancel","IMPORT_COPY_ENCRYPTED_FAILED_ACTION","User choice after encrypted import copy failure"
"T004J4","IMPORT_COPY_ENCRYPTED_FAILED_ACTION","User choice after encrypted import copy failure","user","Retry","","IMPORT_COPY_ENCRYPTED_DB","Copy imported encrypted DB artifacts"
"T004J5","IMPORT_COPY_ENCRYPTED_FAILED_ACTION","User choice after encrypted import copy failure","user","Import Different","","IMPORT_PICKER","SAF picker for existing DB"
"T004J6","IMPORT_COPY_ENCRYPTED_FAILED_ACTION","User choice after encrypted import copy failure","user","Create New","","CREATE_NEW_FLOW","Enter Create New DB flow"
"T004J7","IMPORT_COPY_ENCRYPTED_FAILED_ACTION","User choice after encrypted import copy failure","user","Cancel","Back to DB init chooser","DB_INIT_CHOOSER","Show DB Init chooser (Create New / Import Existing)"
"T004K","IMPORT_PREP_BOOT_STATE","Configure encryption with import passphrase + update metadata and boot flags after import","continue","","Resume migration gate with active import session","MIGRATION_CHECK","Check migration needed"
"T005","DB_ARTIFACTS_EXISTS","DB artifacts found?","resolved","Yes","Read metadata","METADATA_READ_OK","Metadata file readable?"
"T006","METADATA_READ_OK","Metadata file readable?","resolved","Yes","Validate metadata schemaVersion","METADATA_SCHEMA_VALID","Metadata schemaVersion status"
"T006A","METADATA_READ_OK","Metadata file readable?","resolved","No","Classify metadata/sidecar issue type","DB_ISSUE_IDENTIFIED","Classify DB issue (metadata/boot checks)"
"T007","METADATA_SCHEMA_VALID","Metadata schemaVersion status","resolved","Supported","Check health flag","METADATA_HEALTHY","Metadata isHealthy?"
"T007A","METADATA_SCHEMA_VALID","Metadata schemaVersion status","resolved","Invalid/corrupt","Classify schema/metadata issue type","DB_ISSUE_IDENTIFIED","Classify DB issue (metadata/boot checks)"
"T007B","METADATA_SCHEMA_VALID","Metadata schemaVersion status","resolved","Higher than app supported","Classify DB version compatibility issue","DB_ISSUE_IDENTIFIED","Classify DB issue (metadata/boot checks)"
"T007C","METADATA_SCHEMA_VALID","Metadata schemaVersion status","resolved","Lower than minimum supported","Classify DB version compatibility issue","DB_ISSUE_IDENTIFIED","Classify DB issue (metadata/boot checks)"
"T008","METADATA_HEALTHY","Metadata isHealthy?","resolved","Yes","Check encrypted flag","DB_IS_ENCRYPTED","Metadata isEncrypted?"
"T008A","METADATA_HEALTHY","Metadata isHealthy?","resolved","No","Classify health/metadata issue type","DB_ISSUE_IDENTIFIED","Classify DB issue (metadata/boot checks)"
"T008B","DB_ISSUE_IDENTIFIED","Classify DB issue (metadata/boot checks)","resolved","Encrypted metadata corruption (repairable/resettable)","Show repair/reset/import/create options","DB_ISSUE_METADATA_CORRUPT","Encrypted DB metadata appears corrupted"
"T008B1","DB_ISSUE_METADATA_CORRUPT","Encrypted DB metadata appears corrupted","show","","Present repair/import/create/reset choices","DB_ISSUE_ACTION","User choice after metadata corruption issue"
"T008B2","DB_ISSUE_IDENTIFIED","Classify DB issue (metadata/boot checks)","resolved","Schema irreparable / invalid","Show import/create recovery options","DB_ISSUE_SCHEMA_IRREPARABLE","DB schema is invalid/corrupt and cannot be repaired safely"
"T008B3","DB_ISSUE_SCHEMA_IRREPARABLE","DB schema is invalid/corrupt and cannot be repaired safely","show","","Prompt import different or create new","DB_ISSUE_SCHEMA_IRREPARABLE_ACTION","User choice after schema-irreparable issue"
"T008B4","DB_ISSUE_SCHEMA_IRREPARABLE_ACTION","User choice after schema-irreparable issue","user","Import Different","","IMPORT_PICKER","SAF picker for existing DB"
"T008B5","DB_ISSUE_SCHEMA_IRREPARABLE_ACTION","User choice after schema-irreparable issue","user","Create New","","DEL_SRC_ISSUE_SCHEMA_IRREPARABLE","Set delete-confirm source = schema irreparable issue"
"T008B6","DB_ISSUE_IDENTIFIED","Classify DB issue (metadata/boot checks)","resolved","DB version too old (unsupported)","Show import/create options","DB_ISSUE_TOO_OLD","DB schema is older than minimum supported version"
"T008B7","DB_ISSUE_TOO_OLD","DB schema is older than minimum supported version","show","","Prompt import different or create new","DB_ISSUE_TOO_OLD_ACTION","User choice after unsupported old DB version"
"T008B8","DB_ISSUE_TOO_OLD_ACTION","User choice after unsupported old DB version","user","Import Different","","IMPORT_PICKER","SAF picker for existing DB"
"T008B9","DB_ISSUE_TOO_OLD_ACTION","User choice after unsupported old DB version","user","Create New","","DEL_SRC_ISSUE_TOO_OLD","Set delete-confirm source = unsupported old DB issue"
"T008B10","DB_ISSUE_IDENTIFIED","Classify DB issue (metadata/boot checks)","resolved","DB version too new (update app required)","Show update/import/create options","DB_ISSUE_TOO_NEW","DB schema is newer than app supports"
"T008B11","DB_ISSUE_TOO_NEW","DB schema is newer than app supports","show","","Prompt update app, import different, or create new","DB_ISSUE_TOO_NEW_ACTION","User choice after newer-than-supported DB"
"T008B12","DB_ISSUE_TOO_NEW_ACTION","User choice after newer-than-supported DB","user","Update App","Handoff to app update requirement","APP_UPDATE_REQUIRED","END: Update app required (DB schema newer than supported)"
"T008B13","DB_ISSUE_TOO_NEW_ACTION","User choice after newer-than-supported DB","user","Import Different","","IMPORT_PICKER","SAF picker for existing DB"
"T008B14","DB_ISSUE_TOO_NEW_ACTION","User choice after newer-than-supported DB","user","Create New","","DEL_SRC_ISSUE_TOO_NEW","Set delete-confirm source = newer-than-supported DB issue"
"T008B15","DB_ISSUE_IDENTIFIED","Classify DB issue (metadata/boot checks)","resolved","Metadata sidecar missing/unreadable","Show import/create options","DB_ISSUE_SIDECAR_MISSING","Metadata/sidecar missing or unreadable"
"T008B16","DB_ISSUE_SIDECAR_MISSING","Metadata/sidecar missing or unreadable","show","","Prompt import different or create new","DB_ISSUE_SIDECAR_MISSING_ACTION","User choice after sidecar metadata issue"
"T008B17","DB_ISSUE_SIDECAR_MISSING_ACTION","User choice after sidecar metadata issue","user","Import Different","","IMPORT_PICKER","SAF picker for existing DB"
"T008B18","DB_ISSUE_SIDECAR_MISSING_ACTION","User choice after sidecar metadata issue","user","Create New","","DEL_SRC_ISSUE_SIDECAR_MISSING","Set delete-confirm source = sidecar metadata issue"
"T008C","DB_ISSUE_ACTION","User choice after metadata corruption issue","user","Attempt Repair","","DB_REPAIR_ATTEMPT","Attempt DB/metadata repair (if supported)"
"T008D","DB_ISSUE_ACTION","User choice after metadata corruption issue","user","Import Different","Switch to import existing flow","IMPORT_PICKER","SAF picker for existing DB"
"T008E","DB_ISSUE_ACTION","User choice after metadata corruption issue","user","Create New","","DEL_SRC_DB_ISSUE_FLOW","Set delete-confirm source = metadata-corruption issue flow"
"T008F","DB_REPAIR_ATTEMPT","Attempt DB/metadata repair (if supported)","complete","","Evaluate repair result","DB_REPAIR_RESULT","Repair successful?"
"T008G","DB_REPAIR_RESULT","Repair successful?","resolved","Yes","Re-run boot checks after repair","BOOT_RESOLVER","BootStateResolver"
"T008H","DB_REPAIR_RESULT","Repair successful?","resolved","No","Show recovery options","DB_REPAIR_FAILED","Repair failed or not fixable"
"T008I","DB_REPAIR_FAILED","Repair failed or not fixable","show","","Prompt reset / import different / create new","DB_REPAIR_FAILED_ACTION","User choice after repair failure"
"T008J","DB_REPAIR_FAILED_ACTION","User choice after repair failure","user","Import Different","","IMPORT_PICKER","SAF picker for existing DB"
"T008K","DB_REPAIR_FAILED_ACTION","User choice after repair failure","user","Create New","","DEL_SRC_DB_REPAIR_FAILED","Set delete-confirm source = repair failed flow"
"T008L","DB_REPAIR_FAILED_ACTION","User choice after repair failure","user","Forgot Passphrase Reset","Enter destructive reset confirmation flow","RESET_SRC_METADATA_REPAIR","Set reset source = metadata repair"
"T008L1","RESET_SRC_METADATA_REPAIR","Set reset source = metadata repair","continue","","","RESET_CONFIRM_SCREEN","Forgot passphrase reset confirmation (deletes all local DB data)"
"T008L2","RESET_CONFIRM_SCREEN","Forgot passphrase reset confirmation (deletes all local DB data)","show","","Await destructive reset confirmation","RESET_CONFIRM_DECISION","Confirm reset?"
"T008L3","RESET_CONFIRM_DECISION","Confirm reset?","user","No","Return based on reset source","RESET_CANCEL_ROUTE","Return by reset source"
"T008L4","RESET_CANCEL_ROUTE","Return by reset source","resolved","Metadata repair","Return to repair-failure recovery choices","DB_REPAIR_FAILED_ACTION","User choice after repair failure"
"T008L5","RESET_CONFIRM_DECISION","Confirm reset?","user","Yes","Delete local DB and reset encryption state","RESET_DELETE_ALL","Delete DB artifacts + metadata + reset encryption state"
"T008L6","RESET_DELETE_ALL","Delete DB artifacts + metadata + reset encryption state","complete","","Route post-reset based on reset source","RESET_POST_DELETE_ROUTE","Route after reset delete by source"
"T008L7","RESET_TO_CREATE_NEW","Handoff to fresh Create New DB flow","continue","","","CREATE_NEW_FLOW","Enter Create New DB flow"
"T009","DB_IS_ENCRYPTED","Metadata isEncrypted?","resolved","Yes","Check boot completion flag","INIT_COMPLETED_TRUE","database_init_completed?"
"T009A","DB_IS_ENCRYPTED","Metadata isEncrypted?","resolved","No","Show plaintext DB handling choices","PLAINTEXT_DB_FOUND","Local DB found but unencrypted (plaintext)"
"T009B","PLAINTEXT_DB_FOUND","Local DB found but unencrypted (plaintext)","show","","Offer encrypt existing, import different, or create new","PLAINTEXT_DB_ACTION","User choice for plaintext local DB"
"T009C","PLAINTEXT_DB_ACTION","User choice for plaintext local DB","user","Encrypt Existing","","PLAINTEXT_ENCRYPT_SETUP_SCREEN","Ask passphrase to encrypt existing local DB"
"T009D","PLAINTEXT_DB_ACTION","User choice for plaintext local DB","user","Import Different","","IMPORT_PICKER","SAF picker for existing DB"
"T009E","PLAINTEXT_DB_ACTION","User choice for plaintext local DB","user","Create New","","DEL_SRC_PLAINTEXT_DB","Set delete-confirm source = plaintext local DB flow"
"T009F","PLAINTEXT_ENCRYPT_SETUP_SCREEN","Ask passphrase to encrypt existing local DB","submit","","Validate passphrase setup for local plaintext DB","PLAINTEXT_ENCRYPT_SETUP_SUCCESS","Passphrase setup for plaintext DB succeeded"
"T009G","PLAINTEXT_ENCRYPT_SETUP_SUCCESS","Passphrase setup for plaintext DB succeeded","resolved","Success","Encrypt plaintext DB in place/copy","PLAINTEXT_ENCRYPT_DB","Encrypt existing local DB with new passphrase"
"T009H","PLAINTEXT_ENCRYPT_DB","Encrypt existing local DB with new passphrase","complete","","Evaluate local plaintext-encryption result","PLAINTEXT_ENCRYPT_RESULT","Encrypt existing plaintext DB success?"
"T009H1","PLAINTEXT_ENCRYPT_RESULT","Encrypt existing plaintext DB success?","resolved","Yes","Update metadata + session for newly encrypted local DB","PLAINTEXT_ENCRYPT_DONE","Plaintext DB encrypted successfully"
"T009H2","PLAINTEXT_ENCRYPT_RESULT","Encrypt existing plaintext DB success?","resolved","No","Show local plaintext encryption failure","PLAINTEXT_ENCRYPT_FAILED","Encrypt existing plaintext DB failed"
"T009H3","PLAINTEXT_ENCRYPT_FAILED","Encrypt existing plaintext DB failed","show","","Offer retry, import different, or create new","PLAINTEXT_ENCRYPT_FAILED_ACTION","User choice after plaintext DB encryption failure"
"T009H4","PLAINTEXT_ENCRYPT_FAILED_ACTION","User choice after plaintext DB encryption failure","user","Retry","","PLAINTEXT_DB_ACTION","User choice for plaintext local DB"
"T009H5","PLAINTEXT_ENCRYPT_FAILED_ACTION","User choice after plaintext DB encryption failure","user","Import Different","","IMPORT_PICKER","SAF picker for existing DB"
"T009H6","PLAINTEXT_ENCRYPT_FAILED_ACTION","User choice after plaintext DB encryption failure","user","Create New","","DEL_SRC_PLAINTEXT_ENCRYPT_FAILED","Set delete-confirm source = plaintext encryption failure"
"T009I","PLAINTEXT_ENCRYPT_DONE","Plaintext DB encrypted successfully","continue","","Continue boot flow with encrypted DB","INIT_COMPLETED_TRUE","database_init_completed?"
"T010","INIT_COMPLETED_TRUE","database_init_completed?","resolved","Yes","DB init confirmed; every cold boot requires auth (no session-active bypass after restartProcess)","AUTH_UNLOCK_SCREEN","Passphrase unlock screen - shows payanam.db last-modified and file size from filesystem (no decryption needed)"
"T010A","INIT_COMPLETED_TRUE","database_init_completed?","resolved","No","Show existing DB found but unfinalized options","DB_FOUND_UNFINALIZED","DB found but setup not finalized"
"T010B","DB_FOUND_UNFINALIZED","DB found but setup not finalized","show","","Offer use existing, import different, or create new","DB_FOUND_UNFINALIZED_ACTION","User choice for unfinalized existing DB"
"T010C","DB_FOUND_UNFINALIZED_ACTION","User choice for unfinalized existing DB","user","Use Existing","","FINALIZE_EXISTING_DB_SELECTION","Mark existing DB as selected/finalized"
"T010D","DB_FOUND_UNFINALIZED_ACTION","User choice for unfinalized existing DB","user","Import Different","","IMPORT_PICKER","SAF picker for existing DB"
"T010E","DB_FOUND_UNFINALIZED_ACTION","User choice for unfinalized existing DB","user","Create New","","DEL_SRC_UNFINALIZED_DB","Set delete-confirm source = unfinalized DB flow"
"T010F","FINALIZE_EXISTING_DB_SELECTION","Mark existing DB as selected/finalized","complete","","Persist database_init_completed=true; proceed to auth","AUTH_UNLOCK_SCREEN","Passphrase unlock screen - shows payanam.db last-modified and file size from filesystem (no decryption needed)"
"T013F","RESET_SRC_UNLOCK_LOCKOUT","Set reset source = unlock lockout","continue","","","RESET_CONFIRM_SCREEN","Forgot passphrase reset confirmation (deletes all local DB data)"
"T013G","RESET_CANCEL_ROUTE","Return by reset source","resolved","Unlock lockout","Return to auth unlock screen","AUTH_UNLOCK_SCREEN","Passphrase unlock screen - shows payanam.db last-modified and file size from filesystem (no decryption needed)"
"T015","MIGRATION_CHECK","Check migration needed","enter","","Compare current DB schema with app target schema","MIGRATION_REQUIRED","Schema migration needed?"
"T016","MIGRATION_REQUIRED","Schema migration needed?","resolved","Yes","Show upgrade UI","MIGRATION_SCREEN","Show DB schema upgrade screen"
"T016A","MIGRATION_REQUIRED","Schema migration needed?","resolved","No","Schema already current","NO_MIGRATION_REQUIRED","Schema already current (no migration needed)"
"T016B","NO_MIGRATION_REQUIRED","Schema already current (no migration needed)","continue","","Room already open via DBSM; finalize app readiness","INIT_ROOM","DB session confirmed ready (Room opened by DatabaseSessionManager after auth; this step finalizes app readiness)"
"T017","MIGRATION_SCREEN","Show DB schema upgrade screen","show","","Await migrate or cancel","MIGRATION_ACTION","User choice on migration screen"
"T017A","MIGRATION_ACTION","User choice on migration screen","user","Cancel","DB cannot open until upgraded","MIGRATION_DEFERRED","Migration deferred (DB cannot open until upgraded)"
"T017B","MIGRATION_ACTION","User choice on migration screen","user","Migrate","","USER_STARTS_MIGRATION","User chooses Migrate"
"T017C","MIGRATION_DEFERRED","Migration deferred (DB cannot open until upgraded)","show","","Offer retry migration, import different, or create new","MIGRATION_DEFERRED_ACTION","User choice after migration deferred"
"T017D","MIGRATION_DEFERRED_ACTION","User choice after migration deferred","user","Retry migration","","MIGRATION_SCREEN","Show DB schema upgrade screen"
"T017E","MIGRATION_DEFERRED_ACTION","User choice after migration deferred","user","Import Different","","IMPORT_PICKER","SAF picker for existing DB"
"T017F","MIGRATION_DEFERRED_ACTION","User choice after migration deferred","user","Create New","","DEL_SRC_MIGRATION_DEFERRED","Set delete-confirm source = migration deferred"
"T018","USER_STARTS_MIGRATION","User chooses Migrate","continue","","Execute stepwise migration chain (representative)","RUN_MIGRATIONS","Run stepwise migration chain (representative)"
"T019","RUN_MIGRATIONS","Run stepwise migration chain (representative)","complete","","Evaluate migration result","MIGRATION_RESULT","Migration completed successfully?"
"T019A","MIGRATION_RESULT","Migration completed successfully?","resolved","Yes","","MIGRATION_SUCCESS","Migration completed successfully"
"T019B","MIGRATION_RESULT","Migration completed successfully?","resolved","No","Show migration failure options","MIGRATION_FAILED","Migration failed"
"T019C","MIGRATION_FAILED","Migration failed","show","","Offer retry, import different, or create new","MIGRATION_FAILED_ACTION","User choice after migration failure"
"T019D","MIGRATION_FAILED_ACTION","User choice after migration failure","user","Retry","","RUN_MIGRATIONS","Run stepwise migration chain (representative)"
"T019E","MIGRATION_FAILED_ACTION","User choice after migration failure","user","Import Different","","IMPORT_PICKER","SAF picker for existing DB"
"T019F","MIGRATION_FAILED_ACTION","User choice after migration failure","user","Create New","","DEL_SRC_MIGRATION_FAILED","Set delete-confirm source = migration failure"
"T019F1","DEL_SRC_DB_ISSUE_FLOW","Set delete-confirm source = metadata-corruption issue flow","continue","","","DELETE_EXISTING_DB_CONFIRM","Confirm delete current DB artifacts before Create New"
"T019F1A","DEL_SRC_ISSUE_SCHEMA_IRREPARABLE","Set delete-confirm source = schema irreparable issue","continue","","","DELETE_EXISTING_DB_CONFIRM","Confirm delete current DB artifacts before Create New"
"T019F1B","DEL_SRC_ISSUE_TOO_OLD","Set delete-confirm source = unsupported old DB issue","continue","","","DELETE_EXISTING_DB_CONFIRM","Confirm delete current DB artifacts before Create New"
"T019F1C","DEL_SRC_ISSUE_TOO_NEW","Set delete-confirm source = newer-than-supported DB issue","continue","","","DELETE_EXISTING_DB_CONFIRM","Confirm delete current DB artifacts before Create New"
"T019F1D","DEL_SRC_ISSUE_SIDECAR_MISSING","Set delete-confirm source = sidecar metadata issue","continue","","","DELETE_EXISTING_DB_CONFIRM","Confirm delete current DB artifacts before Create New"
"T019F2","DEL_SRC_DB_REPAIR_FAILED","Set delete-confirm source = repair failed flow","continue","","","DELETE_EXISTING_DB_CONFIRM","Confirm delete current DB artifacts before Create New"
"T019F3","DEL_SRC_PLAINTEXT_DB","Set delete-confirm source = plaintext local DB flow","continue","","","DELETE_EXISTING_DB_CONFIRM","Confirm delete current DB artifacts before Create New"
"T019F4","DEL_SRC_PLAINTEXT_ENCRYPT_FAILED","Set delete-confirm source = plaintext encryption failure","continue","","","DELETE_EXISTING_DB_CONFIRM","Confirm delete current DB artifacts before Create New"
"T019F5","DEL_SRC_UNFINALIZED_DB","Set delete-confirm source = unfinalized DB flow","continue","","","DELETE_EXISTING_DB_CONFIRM","Confirm delete current DB artifacts before Create New"
"T019F7","DEL_SRC_MIGRATION_DEFERRED","Set delete-confirm source = migration deferred","continue","","","DELETE_EXISTING_DB_CONFIRM","Confirm delete current DB artifacts before Create New"
"T019F8","DEL_SRC_MIGRATION_FAILED","Set delete-confirm source = migration failure","continue","","","DELETE_EXISTING_DB_CONFIRM","Confirm delete current DB artifacts before Create New"
"T019G","DELETE_EXISTING_DB_CONFIRM","Confirm delete current DB artifacts before Create New","show","","Confirm deletion before creating a fresh DB","DELETE_EXISTING_DB_DECISION","Delete current DB artifacts?"
"T019H","DELETE_EXISTING_DB_DECISION","Delete current DB artifacts?","user","No","Cancel destructive action and return to source flow","DELETE_CONFIRM_CANCEL_ROUTE","Return by delete-confirm source"
"T019H1","DELETE_CONFIRM_CANCEL_ROUTE","Return by delete-confirm source","resolved","Metadata corruption issue flow","Return to metadata corruption recovery choices","DB_ISSUE_ACTION","User choice after metadata corruption issue"
"T019H1A","DELETE_CONFIRM_CANCEL_ROUTE","Return by delete-confirm source","resolved","Schema irreparable issue","Return to schema-irreparable issue choices","DB_ISSUE_SCHEMA_IRREPARABLE_ACTION","User choice after schema-irreparable issue"
"T019H1B","DELETE_CONFIRM_CANCEL_ROUTE","Return by delete-confirm source","resolved","Unsupported old DB issue","Return to old-version issue choices","DB_ISSUE_TOO_OLD_ACTION","User choice after unsupported old DB version"
"T019H1C","DELETE_CONFIRM_CANCEL_ROUTE","Return by delete-confirm source","resolved","Newer-than-supported DB issue","Return to newer-version issue choices","DB_ISSUE_TOO_NEW_ACTION","User choice after newer-than-supported DB"
"T019H1D","DELETE_CONFIRM_CANCEL_ROUTE","Return by delete-confirm source","resolved","Sidecar metadata issue","Return to sidecar-issue choices","DB_ISSUE_SIDECAR_MISSING_ACTION","User choice after sidecar metadata issue"
"T019H2","DELETE_CONFIRM_CANCEL_ROUTE","Return by delete-confirm source","resolved","Repair failed flow","Return to repair-failure recovery choices","DB_REPAIR_FAILED_ACTION","User choice after repair failure"
"T019H3","DELETE_CONFIRM_CANCEL_ROUTE","Return by delete-confirm source","resolved","Plaintext local DB flow","Return to plaintext DB choices","PLAINTEXT_DB_ACTION","User choice for plaintext local DB"
"T019H4","DELETE_CONFIRM_CANCEL_ROUTE","Return by delete-confirm source","resolved","Plaintext encryption failure","Return to plaintext encryption failure choices","PLAINTEXT_ENCRYPT_FAILED_ACTION","User choice after plaintext DB encryption failure"
"T019H5","DELETE_CONFIRM_CANCEL_ROUTE","Return by delete-confirm source","resolved","Unfinalized DB flow","Return to unfinalized DB choices","DB_FOUND_UNFINALIZED_ACTION","User choice for unfinalized existing DB"
"T019H7","DELETE_CONFIRM_CANCEL_ROUTE","Return by delete-confirm source","resolved","Migration deferred","Return to migration deferred choices","MIGRATION_DEFERRED_ACTION","User choice after migration deferred"
"T019H8","DELETE_CONFIRM_CANCEL_ROUTE","Return by delete-confirm source","resolved","Migration failed","Return to migration failure choices","MIGRATION_FAILED_ACTION","User choice after migration failure"
"T019I","DELETE_EXISTING_DB_DECISION","Delete current DB artifacts?","user","Yes","Delete current DB artifacts and metadata","DELETE_EXISTING_DB_RUN","Delete DB + WAL + SHM + metadata"
"T019J","DELETE_EXISTING_DB_RUN","Delete DB + WAL + SHM + metadata","complete","","Proceed to fresh create-new flow","CREATE_NEW_FLOW","Enter Create New DB flow"
"T020","MIGRATION_SUCCESS","Migration completed successfully","continue","","Persist updated metadata and health","UPDATE_METADATA","Update metadata (schema version + health)"
"T021","UPDATE_METADATA","Update metadata (schema version + health)","complete","","Room already open via DBSM; finalize app readiness post-migration","INIT_ROOM","DB session confirmed ready (Room opened by DatabaseSessionManager after auth; this step finalizes app readiness)"
"T022","INIT_ROOM","DB session confirmed ready (Room opened by DatabaseSessionManager after auth; this step finalizes app readiness)","complete","","Load app runtime using selected/available DB","APP_RUNTIME_READY","App runtime ready (user starts using app)"
"TRT001","APP_RUNTIME_READY","App runtime ready (user starts using app)","session tracking starts","","Begin inactivity timer; reset on every user-initiated DB write or screen interaction; background service writes do not reset timer","RUNTIME_INACTIVITY_TRACKER","Track inactivity timer (reset on each user-initiated DB write or screen interaction)"
"TRT002","RUNTIME_INACTIVITY_TRACKER","Track inactivity timer (reset on each user-initiated DB write or screen interaction)","user interaction or DB write","Session active","Reset inactivity timer","RUNTIME_INACTIVITY_TRACKER","Track inactivity timer (reset on each user-initiated DB write or screen interaction)"
"TRT002B","RUNTIME_INACTIVITY_TRACKER","Track inactivity timer (reset on each user-initiated DB write or screen interaction)","inactivity timer fires","No user interaction since last check","Evaluate inactivity threshold","RUNTIME_INACTIVITY_CHECK","Inactivity threshold reached?"
"TRT003","RUNTIME_INACTIVITY_TRACKER","Track inactivity timer (reset on each user-initiated DB write or screen interaction)","app backgrounded or screen locked","","Continue inactivity timer in background","RUNTIME_BACKGROUND_WAIT","App backgrounded or screen locked (inactivity timer continues)"
"TRT004","RUNTIME_BACKGROUND_WAIT","App backgrounded or screen locked (inactivity timer continues)","app resumed to foreground","","Check inactivity threshold","RUNTIME_RESUME_CHECK","Inactivity status on resume"
"TRT005","RUNTIME_RESUME_CHECK","Inactivity status on resume","resolved","Inactivity threshold not reached","Resume inactivity timer","RUNTIME_INACTIVITY_TRACKER","Track inactivity timer (reset on each user-initiated DB write or screen interaction)"
"TRT006","RUNTIME_RESUME_CHECK","Inactivity status on resume","resolved","Inactivity threshold reached","Trigger process restart for security lock","RUNTIME_TRIGGER_LOCK","Call restartProcess() - kills process, wipes SQLCipher key from RAM, DB file remains encrypted on disk"
"TRT007","RUNTIME_INACTIVITY_CHECK","Inactivity threshold reached?","resolved","Yes / threshold reached","Trigger process restart for security lock","RUNTIME_TRIGGER_LOCK","Call restartProcess() - kills process, wipes SQLCipher key from RAM, DB file remains encrypted on disk"
"TRT007A","RUNTIME_INACTIVITY_CHECK","Inactivity threshold reached?","resolved","No / threshold not reached","Continue inactivity timer","RUNTIME_INACTIVITY_TRACKER","Track inactivity timer (reset on each user-initiated DB write or screen interaction)"
"TRT008","RUNTIME_TRIGGER_LOCK","Call restartProcess() - kills process, wipes SQLCipher key from RAM, DB file remains encrypted on disk","execute","","Call restartProcess() - kills process, Room singleton destroyed, SQLCipher key wiped from RAM; DB file remains encrypted on disk; on relaunch normal cold boot runs","RUNTIME_APP_RESTART","Restart app process after runtime lock or destructive reset"
"TRT009","RUNTIME_APP_RESTART","Restart app process after runtime lock or destructive reset","complete","","Re-enter boot flow","APP_LAUNCH","App launch (pre-Room)"
"TRT010","RESET_POST_DELETE_ROUTE","Route after reset delete by source","resolved","Boot reset (metadata repair or unlock lockout)","Continue into create-new flow","RESET_TO_CREATE_NEW","Handoff to fresh Create New DB flow"
"TRT011","RESET_POST_DELETE_ROUTE","Route after reset delete by source","resolved","Runtime forgot-passphrase","Restart app after destructive runtime reset","RUNTIME_APP_RESTART","Restart app process after runtime lock or destructive reset"
"TRT012","RESET_CANCEL_ROUTE","Return by reset source","resolved","Runtime forgot-passphrase","Return to unlock screen","AUTH_UNLOCK_SCREEN","Passphrase unlock screen - shows payanam.db last-modified and file size from filesystem (no decryption needed)"
"TAUTH002","AUTH_UNLOCK_SCREEN","Passphrase unlock screen - shows payanam.db last-modified and file size from filesystem (no decryption needed)","show","","Determine available auth method","AUTH_UNLOCK_METHOD","Auth method available"
"TAUTH003","AUTH_UNLOCK_METHOD","Auth method available","resolved","Biometric enabled and device biometric available","Show system biometric prompt first; manual passphrase always available as fallback below prompt","AUTH_BIOMETRIC_PROMPT","System biometric prompt (fingerprint or face)"
"TAUTH004","AUTH_UNLOCK_METHOD","Auth method available","resolved","Biometric not enabled or not available","Show manual passphrase entry only","AUTH_MANUAL_ENTRY","User types passphrase manually"
"TAUTH005","AUTH_BIOMETRIC_PROMPT","System biometric prompt (fingerprint or face)","complete","","Check biometric result","AUTH_BIOMETRIC_RESULT","Biometric verification result"
"TAUTH006","AUTH_BIOMETRIC_RESULT","Biometric verification result","resolved","Success","Unwrap passphrase from biometric-required Keystore key","AUTH_BIOMETRIC_KEYSTORE_UNWRAP","Keystore releases wrapped passphrase (key has setUserAuthenticationRequired=true, auth window satisfied)"
"TAUTH007","AUTH_BIOMETRIC_RESULT","Biometric verification result","resolved","Failed or skipped","Fall back to manual passphrase entry","AUTH_MANUAL_ENTRY","User types passphrase manually"
"TAUTH008","AUTH_BIOMETRIC_KEYSTORE_UNWRAP","Keystore releases wrapped passphrase (key has setUserAuthenticationRequired=true, auth window satisfied)","complete","","Passphrase in memory; proceed to DB open","AUTH_PASSPHRASE_READY","Passphrase available in memory for DB open (from biometric unwrap or manual entry)"
"TAUTH009","AUTH_MANUAL_ENTRY","User types passphrase manually","submit","","Verify typed passphrase against PBKDF2 verifier stored in SharedPreferences","AUTH_MANUAL_VERIFY","Verify typed passphrase against stored PBKDF2 verifier"
"TAUTH010","AUTH_MANUAL_VERIFY","Verify typed passphrase against stored PBKDF2 verifier","resolved","Valid","Passphrase verified; derive SQLCipher key in memory","AUTH_PASSPHRASE_READY","Passphrase available in memory for DB open (from biometric unwrap or manual entry)"
"TAUTH011","AUTH_MANUAL_VERIFY","Verify typed passphrase against stored PBKDF2 verifier","resolved","Invalid and retries remaining","Show wrong passphrase error","AUTH_MANUAL_FAILED","Wrong passphrase entered"
"TAUTH012","AUTH_MANUAL_VERIFY","Verify typed passphrase against stored PBKDF2 verifier","resolved","Invalid and max attempts reached","Activate lockout timer","AUTH_LOCKOUT","Too many failed attempts - lockout active"
"TAUTH013","AUTH_MANUAL_FAILED","Wrong passphrase entered","show","","Await user retry or forgot-passphrase","AUTH_MANUAL_FAILED_ACTION","User choice after wrong passphrase"
"TAUTH014","AUTH_MANUAL_FAILED_ACTION","User choice after wrong passphrase","user","Retry","","AUTH_MANUAL_ENTRY","User types passphrase manually"
"TAUTH015","AUTH_MANUAL_FAILED_ACTION","User choice after wrong passphrase","user","Forgot passphrase","Enter reset confirmation flow","RESET_SRC_RUNTIME_FORGOT","Set reset source = runtime forgot-passphrase"
"TAUTH016","AUTH_LOCKOUT","Too many failed attempts - lockout active","show","","Await lockout expiry or forgot-passphrase","AUTH_LOCKOUT_ACTION","User choice after lockout"
"TAUTH017","AUTH_LOCKOUT_ACTION","User choice after lockout","resolved","Lockout expired","Return to manual entry","AUTH_MANUAL_ENTRY","User types passphrase manually"
"TAUTH018","AUTH_LOCKOUT_ACTION","User choice after lockout","user","Forgot passphrase","Enter reset confirmation flow","RESET_SRC_UNLOCK_LOCKOUT","Set reset source = unlock lockout"
"TAUTH019","AUTH_PASSPHRASE_READY","Passphrase available in memory for DB open (from biometric unwrap or manual entry)","continue","","Open DB via DatabaseSessionManager.openDatabase(passphrase)","DBSM_OPEN_DB","DatabaseSessionManager.openDatabase(passphrase) - build Room instance with SQLCipher SupportFactory, store in session holder"
"TAUTH020","DBSM_OPEN_DB","DatabaseSessionManager.openDatabase(passphrase) - build Room instance with SQLCipher SupportFactory, store in session holder","complete","","Check if Room opened successfully","DBSM_OPEN_RESULT","Room open succeeded?"
"TAUTH021","DBSM_OPEN_RESULT","Room open succeeded?","resolved","Success","DB session open; continue boot flow","MIGRATION_CHECK","Check migration needed"
"TAUTH022","DBSM_OPEN_RESULT","Room open succeeded?","resolved","Failed - wrong passphrase","Show DB open failure; passphrase was wrong for this encrypted file","DBSM_OPEN_FAILED","DB open failed (wrong passphrase or corrupted file)"
"TAUTH023","DBSM_OPEN_RESULT","Room open succeeded?","resolved","Failed - file corrupt","Show DB open failure; file is unreadable","DBSM_OPEN_FAILED","DB open failed (wrong passphrase or corrupted file)"
"TAUTH024","DBSM_OPEN_FAILED","DB open failed (wrong passphrase or corrupted file)","show","","Await user choice: retry passphrase or reset","DBSM_OPEN_FAILED_ACTION","User choice after DB open failure"
"TAUTH025","DBSM_OPEN_FAILED_ACTION","User choice after DB open failure","user","Retry passphrase","","AUTH_MANUAL_ENTRY","User types passphrase manually"
"TAUTH026","DBSM_OPEN_FAILED_ACTION","User choice after DB open failure","user","Reset and start fresh","","RESET_SRC_RUNTIME_FORGOT","Set reset source = runtime forgot-passphrase"
"TAUTH027","APP_RUNTIME_READY","App runtime ready (user starts using app)","post-unlock biometric offer eligible","Biometric not yet enabled and device supports biometric and user just completed manual passphrase unlock","Show one-time non-intrusive biometric offer","AUTH_POST_UNLOCK_BIOMETRIC_OFFER","Post-unlock offer: Enable biometric unlock? (shown only if biometric not yet enabled and device supports it)"
"TAUTH028","AUTH_POST_UNLOCK_BIOMETRIC_OFFER","Post-unlock offer: Enable biometric unlock? (shown only if biometric not yet enabled and device supports it)","show","","Await user decision","AUTH_POST_UNLOCK_BIOMETRIC_DECISION","User choice on biometric offer"
"TAUTH029","AUTH_POST_UNLOCK_BIOMETRIC_DECISION","User choice on biometric offer","user","Enable biometric","","BIOSEC_ENABLE_FLOW","Biometric enable flow (from post-unlock offer or Settings)"
"TAUTH030","AUTH_POST_UNLOCK_BIOMETRIC_DECISION","User choice on biometric offer","user","Skip or dismiss","Return to runtime; do not show offer again this session","RUNTIME_INACTIVITY_TRACKER","Track inactivity timer (reset on each user-initiated DB write or screen interaction)"
"TAUTH031","RESET_SRC_RUNTIME_FORGOT","Set reset source = runtime forgot-passphrase","continue","","","RESET_CONFIRM_SCREEN","Forgot passphrase reset confirmation (deletes all local DB data)"
"TBIOSEC001","BIOSEC_ENABLE_FLOW","Biometric enable flow (from post-unlock offer or Settings)","start","","Check device biometric enrollment","BIOSEC_DEVICE_CHECK","Device has enrolled biometric?"
"TBIOSEC002","BIOSEC_DEVICE_CHECK","Device has enrolled biometric?","resolved","No biometric enrolled","Show guidance to enroll in device settings","BIOSEC_NO_BIOMETRIC","No biometric enrolled on device - show guidance"
"TBIOSEC003","BIOSEC_DEVICE_CHECK","Device has enrolled biometric?","resolved","Biometric enrolled","Confirm with system biometric prompt","BIOSEC_CONFIRM_PROMPT","System biometric prompt to confirm enrollment for app"
"TBIOSEC004","BIOSEC_CONFIRM_PROMPT","System biometric prompt to confirm enrollment for app","complete","","","BIOSEC_CONFIRM_RESULT","Biometric enrollment confirmation result"
"TBIOSEC005","BIOSEC_CONFIRM_RESULT","Biometric enrollment confirmation result","resolved","Success","Generate biometric-required Keystore key (setUserAuthenticationRequired=true) and wrap current passphrase under it","BIOSEC_STORE_WRAPPED_KEY","Wrap passphrase under biometric-required Keystore key (setUserAuthenticationRequired=true) and persist"
"TBIOSEC006","BIOSEC_CONFIRM_RESULT","Biometric enrollment confirmation result","resolved","Failed or cancelled","","BIOSEC_ENABLE_FAILED","Biometric enable failed"
"TBIOSEC007","BIOSEC_STORE_WRAPPED_KEY","Wrap passphrase under biometric-required Keystore key (setUserAuthenticationRequired=true) and persist","complete","","Mark biometric enabled in preferences","BIOSEC_ENABLE_DONE","Biometric unlock enabled"
"TBIOSEC008","BIOSEC_ENABLE_DONE","Biometric unlock enabled","dismiss","","Return to caller (post-unlock screen or Settings)","SETTINGS_SECURITY_SCREEN","Settings > Security - shows: session inactivity timeout config + biometric unlock toggle"
"TBIOSEC009","BIOSEC_NO_BIOMETRIC","No biometric enrolled on device - show guidance","dismiss","","Return to caller","SETTINGS_SECURITY_SCREEN","Settings > Security - shows: session inactivity timeout config + biometric unlock toggle"
"TBIOSEC010","BIOSEC_ENABLE_FAILED","Biometric enable failed","dismiss","","Return to caller","SETTINGS_SECURITY_SCREEN","Settings > Security - shows: session inactivity timeout config + biometric unlock toggle"
"TBIOSEC011","SETTINGS_BIOMETRIC_TOGGLE","User taps biometric unlock toggle","resolved","Enabling","","BIOSEC_ENABLE_FLOW","Biometric enable flow (from post-unlock offer or Settings)"
"TBIOSEC012","SETTINGS_BIOMETRIC_TOGGLE","User taps biometric unlock toggle","resolved","Disabling","","BIOSEC_DISABLE_FLOW","Biometric disable flow (from Settings while DB session already unlocked)"
"TBIOSEC013","BIOSEC_DISABLE_FLOW","Biometric disable flow (from Settings while DB session already unlocked)","start","","Delete biometric-required Keystore key entry","BIOSEC_DELETE_KEY","Delete biometric-required Keystore key entry"
"TBIOSEC017","BIOSEC_DELETE_KEY","Delete biometric-required Keystore key entry","complete","","Clear biometric-enabled flag in preferences","BIOSEC_DISABLE_DONE","Biometric unlock disabled"
"TBIOSEC018","BIOSEC_DISABLE_DONE","Biometric unlock disabled","dismiss","","Return to Settings Security screen","SETTINGS_SECURITY_SCREEN","Settings > Security - shows: session inactivity timeout config + biometric unlock toggle"
"TSEC001","APP_RUNTIME_READY","App runtime ready (user starts using app)","user opens security settings","","","SETTINGS_SECURITY_SCREEN","Settings > Security - shows: session inactivity timeout config + biometric unlock toggle"
"TSEC002","SETTINGS_SECURITY_SCREEN","Settings > Security - shows: session inactivity timeout config + biometric unlock toggle","user changes timeout","","Persist new inactivity timeout value; reset current inactivity timer","SETTINGS_TIMEOUT_CHANGE","User changes inactivity timeout value"
"TSEC003","SETTINGS_TIMEOUT_CHANGE","User changes inactivity timeout value","complete","","Return to security settings","SETTINGS_SECURITY_SCREEN","Settings > Security - shows: session inactivity timeout config + biometric unlock toggle"
"TSEC004","SETTINGS_SECURITY_SCREEN","Settings > Security - shows: session inactivity timeout config + biometric unlock toggle","user taps biometric toggle","","","SETTINGS_BIOMETRIC_TOGGLE","User taps biometric unlock toggle"
"TSEC005","SETTINGS_SECURITY_SCREEN","Settings > Security - shows: session inactivity timeout config + biometric unlock toggle","back","","Return to main settings","APP_RUNTIME_READY","App runtime ready (user starts using app)"
"TDBSM001","IMPORT_DB_HANDOFF","Close Room and enter maintenance replace flow","continue","","Close DatabaseSessionManager session before file replacement; backup existing DB","DBSM_CLOSE_DB","DatabaseSessionManager.closeDatabase() - null the Room instance, called before restartProcess() on import-replace only"
"TDBSM002","DBSM_CLOSE_DB","DatabaseSessionManager.closeDatabase() - null the Room instance, called before restartProcess() on import-replace only","complete","","Proceed with import replace flow","IMPORT_DB_EXECUTE","Execute full DB replace import (backup DB + encryption state, replace, configure encryption with import passphrase, validate)"
"TDM001","APP_RUNTIME_READY","App runtime ready (user starts using app)","user opens data management","","","DATA_MGMT_HOME","Settings > Data Management"
"TDM002","DATA_MGMT_HOME","Settings > Data Management","show","","Await export/import/switch/reset choice","DATA_MGMT_ACTION","User choice in Data Management"
"TDM003","DATA_MGMT_ACTION","User choice in Data Management","user","Export","","EXPORT_SCOPE","Choose export scope"
"TDM004","DATA_MGMT_ACTION","User choice in Data Management","user","Import","","IMPORT_TYPE","Choose import source type"
"TDM005","DATA_MGMT_ACTION","User choice in Data Management","user","Close","Return to app","APP_RUNTIME_READY","App runtime ready (user starts using app)"
"TDM006","DATA_MGMT_ACTION","User choice in Data Management","user","Switch DB","Start DB switch maintenance handoff","DATA_MGMT_SWITCH_DB_HANDOFF","Switch DB requested from settings"
"TDM007","DATA_MGMT_SWITCH_DB_HANDOFF","Switch DB requested from settings","continue","","Show destructive import confirmation warning","DATA_MGMT_IMPORT_DB_CONFIRM","Warn: importing different DB will permanently delete current DB and all data"
"TDM007A","DATA_MGMT_IMPORT_DB_CONFIRM","Warn: importing different DB will permanently delete current DB and all data","show","","Await import confirm or cancel","DATA_MGMT_IMPORT_DB_DECISION","User confirms import different DB from settings?"
"TDM007B","DATA_MGMT_IMPORT_DB_DECISION","User confirms import different DB from settings?","user","No","Return to Data Management","DATA_MGMT_HOME","Settings > Data Management"
"TDM007C","DATA_MGMT_IMPORT_DB_DECISION","User confirms import different DB from settings?","user","Yes","Close Room and enter sidecar-safe backup then import flow","IMPORT_WAL_CHECKPOINT","Checkpoint WAL into main DB file before backup"
"TDM008","DATA_MGMT_ACTION","User choice in Data Management","user","Reset DB","Show backup-before-delete prompt","DATA_MGMT_RESET_DB_EXPORT_PROMPT","Prompt: back up current DB before deleting? Yes runs manual backup, No proceeds"
"TDM008A","DATA_MGMT_RESET_DB_EXPORT_PROMPT","Prompt: back up current DB before deleting? Yes runs manual backup, No proceeds","show","","Await backup choice","DATA_MGMT_RESET_DB_EXPORT_DECISION","User choice on backup before delete"
"TDM008B","DATA_MGMT_RESET_DB_EXPORT_DECISION","User choice on backup before delete","user","Yes back up first","Run manual DB backup then show final delete confirmation","DATA_MGMT_RESET_DB_CONFIRM","Confirm reset database from settings (deletes local DB data with no recovery)"
"TDM008C","DATA_MGMT_RESET_DB_EXPORT_DECISION","User choice on backup before delete","user","No skip backup","Show final destructive delete confirmation","DATA_MGMT_RESET_DB_CONFIRM","Confirm reset database from settings (deletes local DB data with no recovery)"
"TDM009","DATA_MGMT_RESET_DB_CONFIRM","Confirm reset database from settings (deletes local DB data with no recovery)","show","","Await reset confirmation","DATA_MGMT_RESET_DB_DECISION","Reset DB from settings?"
"TDM010","DATA_MGMT_RESET_DB_DECISION","Reset DB from settings?","user","No","Return to Data Management","DATA_MGMT_HOME","Settings > Data Management"
"TDM011","DATA_MGMT_RESET_DB_DECISION","Reset DB from settings?","user","Yes","Delete local DB and reset encryption state","DATA_MGMT_RESET_DB_DELETE","Checkpoint WAL then wipe all DB artifacts including bak and temp backup subfolder"
"TDM012","DATA_MGMT_RESET_DB_DELETE","Checkpoint WAL then wipe all DB artifacts including bak and temp backup subfolder","complete","","Proceed into maintenance handoff after reset","DATA_MGMT_MAINT_CLOSE_ROOM","Close Room and release DB handles/jobs"
"TDM013","DATA_MGMT_MAINT_CLOSE_ROOM","Close Room and release DB handles/jobs","complete","","Restart boot flow pipeline","DATA_MGMT_MAINT_BOOT_RESTART","Boot flow restarts from initial state"
"TDM014","DATA_MGMT_MAINT_BOOT_RESTART","Boot flow restarts from initial state","continue","","Cleanup in-memory metadata cache if any","DATA_MGMT_MAINT_CACHE_CLEANUP","Cleanup metadata cache (if applicable)"
"TDM015","DATA_MGMT_MAINT_CACHE_CLEANUP","Cleanup metadata cache (if applicable)","complete","","Return to DB init chooser in boot flow","DB_INIT_CHOOSER","Show DB Init chooser (Create New / Import Existing)"
"TCN001","CREATE_NEW_EXISTING_CHECK","Any existing DB artifacts on disk?","check","No existing artifacts","No existing DB - go directly to create new flow","CREATE_NEW_FLOW","Enter Create New DB flow"
"TCN002","CREATE_NEW_EXISTING_CHECK","Any existing DB artifacts on disk?","check","Existing artifacts found","Show destructive warning before proceeding","CREATE_NEW_WIPE_CONFIRM","Warn: creating new DB will permanently delete existing DB and all data"
"TCN003","CREATE_NEW_WIPE_CONFIRM","Warn: creating new DB will permanently delete existing DB and all data","show","","Await user confirmation","CREATE_NEW_WIPE_DECISION","User confirms create new and delete existing?"
"TCN004","CREATE_NEW_WIPE_DECISION","User confirms create new and delete existing?","user","No","Return to DB init chooser","DB_INIT_CHOOSER","Show DB Init chooser (Create New / Import Existing)"
"TCN005","CREATE_NEW_WIPE_DECISION","User confirms create new and delete existing?","user","Yes","Checkpoint WAL before backup","CREATE_NEW_WAL_CHECKPOINT","Checkpoint WAL into main DB file before backup"
"TCN006","CREATE_NEW_WAL_CHECKPOINT","Checkpoint WAL into main DB file before backup","complete","","Close Room to release file locks","CREATE_NEW_CLOSE_ROOM_FOR_BACKUP","Close Room connection before backup"
"TCN007","CREATE_NEW_CLOSE_ROOM_FOR_BACKUP","Close Room connection before backup","complete","","Copy all DB artifacts to payanam_temp_backup subfolder","CREATE_NEW_TEMP_BACKUP","Copy all DB artifacts to payanam_temp_backup subfolder"
"TCN008","CREATE_NEW_TEMP_BACKUP","Copy all DB artifacts to payanam_temp_backup subfolder","complete","","Verify temp backup readability","CREATE_NEW_BACKUP_VERIFY","Temp backup DB file readable?"
"TCN009A","CREATE_NEW_BACKUP_VERIFY","Temp backup DB file readable?","check","Backup readable","Backup verified - wipe originals","CREATE_NEW_WIPE_ALL","Wipe all DB artifacts from DB dir including bak and temp files"
"TCN009B","CREATE_NEW_BACKUP_VERIFY","Temp backup DB file readable?","check","Backup unreadable or failed","Cannot safely proceed - show error","CREATE_NEW_BACKUP_FAILED","Temp backup failed - cannot safely proceed with create new"
"TCN010","CREATE_NEW_BACKUP_FAILED","Temp backup failed - cannot safely proceed with create new","user","Dismiss","Return to DB init chooser","DB_INIT_CHOOSER","Show DB Init chooser (Create New / Import Existing)"
"TCN011","CREATE_NEW_WIPE_ALL","Wipe all DB artifacts from DB dir including bak and temp files","complete","","Enter create new DB flow with clean DB dir","CREATE_NEW_FLOW","Enter Create New DB flow"
"TCN013","CREATE_NEW_DB","Create new encrypted DB","complete","failed","DB creation failed - attempt restore from temp backup","CREATE_NEW_RESTORE_BACKUP","Wipe partial files and restore from payanam_temp_backup"
"TCN014","CREATE_NEW_CLEANUP_TEMP_BACKUP","Delete payanam_temp_backup folder on success (no-op if folder absent)","complete","","Proceed to app runtime ready","APP_RUNTIME_READY","App runtime ready (user starts using app)"
"TCN015","CREATE_NEW_RESTORE_BACKUP","Wipe partial files and restore from payanam_temp_backup","complete","","Check restore outcome","CREATE_NEW_RESTORE_RESULT","Restore from temp backup success?"
"TCN015A","CREATE_NEW_RESTORE_RESULT","Restore from temp backup success?","check","success","Restored - inform user","CREATE_NEW_RESTORE_OK_SCREEN","Create new failed - previous DB restored successfully"
"TCN015B","CREATE_NEW_RESTORE_RESULT","Restore from temp backup success?","check","failed","Both create and restore failed","CREATE_NEW_RESTORE_FAILED_SCREEN","Create new failed and restore also failed - DB dir may be empty"
"TCN017","CREATE_NEW_RESTORE_OK_SCREEN","Create new failed - previous DB restored successfully","user","Dismiss","Return to DB init chooser","DB_INIT_CHOOSER","Show DB Init chooser (Create New / Import Existing)"
"TCN018","CREATE_NEW_RESTORE_FAILED_SCREEN","Create new failed and restore also failed - DB dir may be empty","user","Dismiss","Return to DB init chooser","DB_INIT_CHOOSER","Show DB Init chooser (Create New / Import Existing)"
"TCHI001","IMPORT_EXISTING_CHECK","Any existing DB artifacts on disk?","check","No existing artifacts","No existing DB - go directly to file picker","IMPORT_PICKER","SAF picker for existing DB"
"TCHI002","IMPORT_EXISTING_CHECK","Any existing DB artifacts on disk?","check","Existing artifacts found","Show destructive warning before proceeding","IMPORT_WIPE_CONFIRM","Warn: importing will permanently delete existing DB and all data"
"TCHI003","IMPORT_WIPE_CONFIRM","Warn: importing will permanently delete existing DB and all data","show","","Await user confirmation","IMPORT_WIPE_DECISION","User confirms import and delete existing?"
"TCHI004","IMPORT_WIPE_DECISION","User confirms import and delete existing?","user","No","Return to DB init chooser","DB_INIT_CHOOSER","Show DB Init chooser (Create New / Import Existing)"
"TCHI005","IMPORT_WIPE_DECISION","User confirms import and delete existing?","user","Yes","Checkpoint WAL before backup","IMPORT_WAL_CHECKPOINT","Checkpoint WAL into main DB file before backup"
"TCHI006","IMPORT_WAL_CHECKPOINT","Checkpoint WAL into main DB file before backup","complete","","Close Room to release file locks","IMPORT_CLOSE_ROOM_FOR_BACKUP","Close Room connection before backup"
"TCHI007","IMPORT_CLOSE_ROOM_FOR_BACKUP","Close Room connection before backup","complete","","Copy all DB artifacts to payanam_temp_backup subfolder","IMPORT_TEMP_BACKUP","Copy all DB artifacts to payanam_temp_backup subfolder"
"TCHI008","IMPORT_TEMP_BACKUP","Copy all DB artifacts to payanam_temp_backup subfolder","complete","","Verify backup readability","IMPORT_BACKUP_VERIFY","Temp backup DB file readable?"
"TCHI009","IMPORT_BACKUP_VERIFY","Temp backup DB file readable?","check","Backup readable","Backup verified - wipe originals then open file picker","IMPORT_WIPE_ALL","Wipe all DB artifacts from DB dir including bak and temp files"
"TCHI010","IMPORT_BACKUP_VERIFY","Temp backup DB file readable?","check","Backup unreadable or failed","Cannot safely proceed - show error","IMPORT_BACKUP_FAILED","Temp backup failed - cannot safely proceed with import"
"TCHI011","IMPORT_BACKUP_FAILED","Temp backup failed - cannot safely proceed with import","user","Dismiss","Return to DB init chooser","DB_INIT_CHOOSER","Show DB Init chooser (Create New / Import Existing)"
"TCHI012","IMPORT_WIPE_ALL","Wipe all DB artifacts from DB dir including bak and temp files","complete","","Open file picker for import source","IMPORT_PICKER","SAF picker for existing DB"
"TCHI013","IMPORT_WIPE_ALL","Wipe all DB artifacts from DB dir including bak and temp files","picker cancelled","temp backup exists","User cancelled picker after wipe - restore from temp backup","IMPORT_RESTORE_BACKUP","Wipe partial files and restore from payanam_temp_backup"
"TCHI014","IMPORT_RESTORE_BACKUP","Wipe partial files and restore from payanam_temp_backup","complete","","Check restore outcome","IMPORT_RESTORE_RESULT","Restore from temp backup success?"
"TCHI014A","IMPORT_RESTORE_RESULT","Restore from temp backup success?","check","success","Restored - inform user","IMPORT_RESTORE_OK_SCREEN","Import failed - previous DB restored successfully"
"TCHI014B","IMPORT_RESTORE_RESULT","Restore from temp backup success?","check","failed","Both import and restore failed","IMPORT_RESTORE_FAILED_SCREEN","Import failed and restore also failed - DB dir may be empty"
"TCHI016","IMPORT_RESTORE_OK_SCREEN","Import failed - previous DB restored successfully","user","Dismiss","Return to DB init chooser","DB_INIT_CHOOSER","Show DB Init chooser (Create New / Import Existing)"
"TCHI017","IMPORT_RESTORE_FAILED_SCREEN","Import failed and restore also failed - DB dir may be empty","user","Dismiss","Return to DB init chooser","DB_INIT_CHOOSER","Show DB Init chooser (Create New / Import Existing)"
"TEXP001","EXPORT_SCOPE","Choose export scope","user","Full Database - Encrypted","Write encrypted snapshot","EXPORT_DB_ENC_RUN","Export encrypted DB snapshot (.db + -wal + -shm or checkpointed)"
"TEXP002","EXPORT_SCOPE","Choose export scope","user","Full Database - Plaintext one-time","Show warning before plaintext export","EXPORT_DB_PLAIN_WARN","Warn about plaintext export visibility"
"TEXP003","EXPORT_SCOPE","Choose export scope","user","Per-module data","","EXPORT_MODULE_SELECT","Choose modules to export"
"TEXP004","EXPORT_DB_ENC_RUN","Export encrypted DB snapshot (.db + -wal + -shm or checkpointed)","complete","","Check export write result","EXPORT_DB_ENC_RESULT","Encrypted export write success?"
"TEXP005","EXPORT_DB_ENC_RESULT","Encrypted export write success?","resolved","Yes","","EXPORT_OK","Export complete"
"TEXP006","EXPORT_DB_ENC_RESULT","Encrypted export write success?","resolved","No","","EXPORT_ERR","Export failed"
"TEXP007","EXPORT_DB_PLAIN_WARN","Warn about plaintext export visibility","show","","Ask user confirmation","EXPORT_DB_PLAIN_CONFIRM","User confirms plaintext export?"
"TEXP008","EXPORT_DB_PLAIN_CONFIRM","User confirms plaintext export?","user","No","Return to export scope selection","EXPORT_SCOPE","Choose export scope"
"TEXP009","EXPORT_DB_PLAIN_CONFIRM","User confirms plaintext export?","user","Yes","Run plaintext export","EXPORT_DB_PLAIN_RUN","Export one-time plaintext DB snapshot"
"TEXP010","EXPORT_DB_PLAIN_RUN","Export one-time plaintext DB snapshot","complete","","Check export result","EXPORT_DB_PLAIN_RESULT","Plaintext export write success?"
"TEXP011","EXPORT_DB_PLAIN_RESULT","Plaintext export write success?","resolved","Yes","","EXPORT_OK","Export complete"
"TEXP012","EXPORT_DB_PLAIN_RESULT","Plaintext export write success?","resolved","No","","EXPORT_ERR","Export failed"
"TEXP013","EXPORT_MODULE_SELECT","Choose modules to export","submit","","Validate module selection","EXPORT_MODULE_SELECTED","At least one module selected?"
"TEXP014","EXPORT_MODULE_SELECTED","At least one module selected?","resolved","No","Require at least one module","EXPORT_MODULE_SELECT","Choose modules to export"
"TEXP015","EXPORT_MODULE_SELECTED","At least one module selected?","resolved","Yes","Run module export","EXPORT_MODULE_RUN","Export selected module data file"
"TEXP016","EXPORT_MODULE_RUN","Export selected module data file","complete","","Check module export result","EXPORT_MODULE_RESULT","Module export write success?"
"TEXP017","EXPORT_MODULE_RESULT","Module export write success?","resolved","Yes","","EXPORT_OK","Export complete"
"TEXP018","EXPORT_MODULE_RESULT","Module export write success?","resolved","No","","EXPORT_ERR","Export failed"
"TEXP019","EXPORT_OK","Export complete","dismiss","","Return to Data Management","DATA_MGMT_HOME","Settings > Data Management"
"TEXP020","EXPORT_ERR","Export failed","dismiss","","Return to Data Management","DATA_MGMT_HOME","Settings > Data Management"
"TAUTO001","APP_RUNTIME_READY","App runtime ready (user starts using app)","auto-backup worker","","Periodic background backup run","AUTO_BK_TRIGGER","AutoBackupWorker periodic run"
"TAUTO002","AUTO_BK_TRIGGER","AutoBackupWorker periodic run","start","","","AUTO_BK_RUN","Copy DB artifacts to auto-backup folder"
"TAUTO003","AUTO_BK_RUN","Copy DB artifacts to auto-backup folder","complete","","Check backup copy result","AUTO_BK_RESULT","Auto-backup copy success?"
"TAUTO004","AUTO_BK_RESULT","Auto-backup copy success?","resolved","Yes","Prune backups first","AUTO_BK_PRUNE","Prune old auto-backups (keep last N)"
"TAUTO005","AUTO_BK_PRUNE","Prune old auto-backups (keep last N)","complete","","Record backup metadata","AUTO_BK_META","Record last auto-backup metadata"
"TAUTO006","AUTO_BK_META","Record last auto-backup metadata","complete","","Return to runtime","APP_RUNTIME_READY","App runtime ready (user starts using app)"
"TAUTO007","AUTO_BK_RESULT","Auto-backup copy success?","resolved","No","Show non-auto-dismissible auto-backup failure message","AUTO_BK_ERR","Auto-backup failed (show non-auto-dismissible error message)"
"TAUTO008","AUTO_BK_ERR","Auto-backup failed (show non-auto-dismissible error message)","dismiss","","User closes auto-backup failure message and returns to runtime","APP_RUNTIME_READY","App runtime ready (user starts using app)"
"TIMP001","IMPORT_TYPE","Choose import source type","user","Full Payanam DB - Replace","","IMPORT_DB_PICKER","Pick full Payanam DB file/folder"
"TIMP002","IMPORT_TYPE","Choose import source type","user","Per-module data","","IMPORT_MOD_PICKER","Pick module import file and options"
"TIMP003","IMPORT_TYPE","Choose import source type","user","uHabits database","","IMPORT_UH_PICKER","Pick uHabits database file"
"TIMP005","IMPORT_TYPE","Choose import source type","user","Back","Return to Data Management","DATA_MGMT_HOME","Settings > Data Management"
"TIMP006","IMPORT_DB_PICKER","Pick full Payanam DB file/folder","show","","Await full DB selection","IMPORT_DB_PICKER_RESULT","Full DB import picker result"
"TIMP007","IMPORT_DB_PICKER_RESULT","Full DB import picker result","resolved","No selection","Return to import type chooser","IMPORT_TYPE","Choose import source type"
"TIMP008","IMPORT_DB_PICKER_RESULT","Full DB import picker result","resolved","Selection","Detect format","IMPORT_DB_DETECT","Detect encryption/format of selected Payanam DB"
"TIMP009","IMPORT_DB_DETECT","Detect encryption/format of selected Payanam DB","complete","","Classify input DB format","IMPORT_DB_FORMAT","Selected Payanam DB format"
"TIMP010","IMPORT_DB_FORMAT","Selected Payanam DB format","resolved","Plaintext detected","Prompt new passphrase to encrypt during import","IMPORT_DB_PLAIN_SCREEN","Plaintext DB detected for full replace import"
"TIMP011","IMPORT_DB_FORMAT","Selected Payanam DB format","resolved","Encrypted detected","Prompt existing passphrase","IMPORT_DB_ENC_SCREEN","Encrypted DB detected for full replace import"
"TIMP012","IMPORT_DB_FORMAT","Selected Payanam DB format","resolved","Unknown or corrupt","Show invalid DB error","IMPORT_DB_BAD","Selected file is not a valid usable Payanam DB"
"TIMP013","IMPORT_DB_BAD","Selected file is not a valid usable Payanam DB","show","","Offer select different or back","IMPORT_DB_BAD_ACTION","User choice after invalid full DB import file"
"TIMP014","IMPORT_DB_BAD_ACTION","User choice after invalid full DB import file","user","Select Different","","IMPORT_DB_PICKER","Pick full Payanam DB file/folder"
"TIMP015","IMPORT_DB_BAD_ACTION","User choice after invalid full DB import file","user","Back","","IMPORT_TYPE","Choose import source type"
"TIMP016","IMPORT_DB_PLAIN_SCREEN","Plaintext DB detected for full replace import","submit","","Validate new passphrase","IMPORT_DB_PLAIN_PASS","Valid passphrase provided for plaintext DB import?"
"TIMP017","IMPORT_DB_PLAIN_PASS","Valid passphrase provided for plaintext DB import?","resolved","No","Retry passphrase setup","IMPORT_DB_PLAIN_SCREEN","Plaintext DB detected for full replace import"
"TIMP018","IMPORT_DB_PLAIN_PASS","Valid passphrase provided for plaintext DB import?","resolved","Yes","Close Room and prepare full replace import","IMPORT_DB_HANDOFF","Close Room and enter maintenance replace flow"
"TIMP019","IMPORT_DB_ENC_SCREEN","Encrypted DB detected for full replace import","submit","","Verify imported DB passphrase","IMPORT_DB_ENC_PASS","Encrypted DB passphrase verified?"
"TIMP020","IMPORT_DB_ENC_PASS","Encrypted DB passphrase verified?","resolved","No","Show retry/cancel options","IMPORT_DB_ENC_RETRY","Invalid imported DB passphrase (full replace)"
"TIMP021","IMPORT_DB_ENC_RETRY","Invalid imported DB passphrase (full replace)","show","","Await retry or cancel","IMPORT_DB_ENC_RETRY_ACTION","User action after invalid full DB import passphrase"
"TIMP022","IMPORT_DB_ENC_RETRY_ACTION","User action after invalid full DB import passphrase","user","Retry","","IMPORT_DB_ENC_SCREEN","Encrypted DB detected for full replace import"
"TIMP023","IMPORT_DB_ENC_RETRY_ACTION","User action after invalid full DB import passphrase","user","Cancel","Return to import type chooser","IMPORT_TYPE","Choose import source type"
"TIMP024","IMPORT_DB_ENC_PASS","Encrypted DB passphrase verified?","resolved","Yes","Close Room and prepare full replace import","IMPORT_DB_HANDOFF","Close Room and enter maintenance replace flow"
"TIMP025","IMPORT_DB_HANDOFF","Close Room and enter maintenance replace flow","continue","","Backup existing DB and encryption state then execute replace flow","IMPORT_DB_EXECUTE","Execute full DB replace import (backup DB + encryption state, replace, configure encryption with import passphrase, validate)"
"TIMP026","IMPORT_DB_EXECUTE","Execute full DB replace import (backup DB + encryption state, replace, configure encryption with import passphrase, validate)","complete","","Evaluate replace-import result","IMPORT_DB_RESULT","Full DB replace import success?"
"TIMP027","IMPORT_DB_RESULT","Full DB replace import success?","resolved","Yes","","IMPORT_DB_OK","Full DB import complete (restart required)"
"TIMP028","IMPORT_DB_RESULT","Full DB replace import success?","resolved","No","Rollback to previous DB and encryption state snapshot","IMPORT_DB_ROLLBACK","Restore previous DB + encryption state from backup snapshot"
"TIMP029","IMPORT_DB_ROLLBACK","Restore previous DB + encryption state from backup snapshot","complete","","Show failure after rollback","IMPORT_DB_ERR","Full DB import failed (previous DB restored)"
"TIMP030","IMPORT_DB_ERR","Full DB import failed (previous DB restored)","dismiss","","Return to import type chooser","IMPORT_TYPE","Choose import source type"
"TIMP031","IMPORT_DB_OK","Full DB import complete (restart required)","ack","","Restart app process","IMPORT_DB_RESTART","Restart app to reopen imported DB"
"TIMP032","IMPORT_DB_RESTART","Restart app to reopen imported DB","complete","","Re-enter boot flow after full DB replace","APP_LAUNCH","App launch (pre-Room)"
"TIMP033","IMPORT_MOD_PICKER","Pick module import file and options","submit","","Validate module file and requested import options","IMPORT_MOD_VALID","Module import file valid?"
"TIMP034","IMPORT_MOD_VALID","Module import file valid?","resolved","No","Show module import error","IMPORT_MOD_ERR","Module import failed"
"TIMP035","IMPORT_MOD_VALID","Module import file valid?","resolved","Yes","Run module import","IMPORT_MOD_EXECUTE","Execute module import (replace/merge)"
"TIMP036","IMPORT_MOD_EXECUTE","Execute module import (replace/merge)","complete","","Evaluate module import result","IMPORT_MOD_RESULT","Module import success?"
"TIMP037","IMPORT_MOD_RESULT","Module import success?","resolved","Yes","","IMPORT_MOD_OK","Module import complete (no restart required)"
"TIMP038","IMPORT_MOD_RESULT","Module import success?","resolved","No","","IMPORT_MOD_ERR","Module import failed"
"TIMP039","IMPORT_MOD_OK","Module import complete (no restart required)","dismiss","","Return to Data Management","DATA_MGMT_HOME","Settings > Data Management"
"TIMP040","IMPORT_MOD_ERR","Module import failed","dismiss","","Return to import type chooser","IMPORT_TYPE","Choose import source type"
"TIMP041","IMPORT_UH_PICKER","Pick uHabits database file","submit","","Run uHabits import","IMPORT_UH_EXECUTE","Import uHabits data (merge)"
"TIMP042","IMPORT_UH_EXECUTE","Import uHabits data (merge)","complete","","Evaluate uHabits import result","IMPORT_UH_RESULT","uHabits import success?"
"TIMP043","IMPORT_UH_RESULT","uHabits import success?","resolved","Yes","","IMPORT_UH_OK","uHabits import complete (no restart required)"
"TIMP044","IMPORT_UH_RESULT","uHabits import success?","resolved","No","","IMPORT_UH_ERR","uHabits import failed"
"TIMP045","IMPORT_UH_OK","uHabits import complete (no restart required)","dismiss","","Return to Data Management","DATA_MGMT_HOME","Settings > Data Management"
"TIMP046","IMPORT_UH_ERR","uHabits import failed","dismiss","","Return to import type chooser","IMPORT_TYPE","Choose import source type"
